database,metric,run_01,run_02,run_03,median,min,max,mean,std_dev,cv_pct
CognoDB Cloud,Ingest Nodes/sec,10629.89,10595.41,10846.89,10629.89,10595.41,10846.89,10690.73,111.32,1.04
CognoDB Cloud,Ingest Rels/sec,9438.93,9496.97,9479.41,9479.41,9438.93,9496.97,9471.77,24.3,0.26
CognoDB Cloud,Ingest Node Time (s),1.723,1.729,1.689,1.723,1.689,1.729,1.714,0.018,1.03
CognoDB Cloud,Ingest Rel Time (s),13.243,13.162,13.186,13.186,13.162,13.243,13.197,0.034,0.26
CognoDB Cloud,Ingest Wall Clock (s),16.598,16.524,16.609,16.598,16.524,16.609,16.577,0.038,0.23
CognoDB Cloud,1-Hop Cold Latency (ms),45.681,45.935,45.197,45.681,45.197,45.935,45.604,0.306,0.67
CognoDB Cloud,1-Hop p50 (ms),45.02,45.459,44.817,45.02,44.817,45.459,45.099,0.268,0.59
CognoDB Cloud,1-Hop p95 (ms),51.0,66.727,51.1,51.1,51.0,66.727,56.276,7.39,13.13
CognoDB Cloud,2-Hop Cold Latency (ms),46.263,47.889,43.242,46.263,43.242,47.889,45.798,1.925,4.2
CognoDB Cloud,2-Hop p50 (ms),46.158,46.003,45.468,46.003,45.468,46.158,45.876,0.296,0.64
CognoDB Cloud,2-Hop p95 (ms),58.704,58.732,57.884,58.704,57.884,58.732,58.44,0.393,0.67
CognoDB Cloud,3-Hop Cold Latency (ms),43.713,46.879,43.165,43.713,43.165,46.879,44.586,1.637,3.67
CognoDB Cloud,3-Hop p50 (ms),46.092,45.924,45.347,45.924,45.347,46.092,45.788,0.319,0.7
CognoDB Cloud,3-Hop p95 (ms),507.486,539.515,565.134,539.515,507.486,565.134,537.378,23.583,4.39
CognoDB Cloud,Point Lookup p50 (ms),45.313,45.564,45.416,45.416,45.313,45.564,45.431,0.103,0.23
CognoDB Cloud,Point Lookup p95 (ms),48.928,51.539,57.867,51.539,48.928,57.867,52.778,3.753,7.11
CognoDB Cloud,Indexed Lookup p50 (ms),56.159,57.044,55.55,56.159,55.55,57.044,56.251,0.613,1.09
CognoDB Cloud,Indexed Lookup p95 (ms),103.579,111.904,97.589,103.579,97.589,111.904,104.357,5.87,5.62
CognoDB Cloud,Count Agg p50 (ms),89.783,91.543,88.213,89.783,88.213,91.543,89.846,1.36,1.51
CognoDB Cloud,Count Agg p95 (ms),100.886,100.94,96.184,100.886,96.184,100.94,99.337,2.229,2.24
CognoDB Cloud,GroupBy Agg p50 (ms),96.502,96.999,96.951,96.951,96.502,96.999,96.817,0.224,0.23
CognoDB Cloud,GroupBy Agg p95 (ms),146.328,155.363,166.675,155.363,146.328,166.675,156.122,8.324,5.33
CognoDB Cloud,Concurrency 1 QPS,21.6,20.05,21.69,21.6,20.05,21.69,21.11,0.75,3.57
CognoDB Cloud,Concurrency 1 p50 (ms),44.549,46.855,44.544,44.549,44.544,46.855,45.316,1.088,2.4
CognoDB Cloud,Concurrency 1 p95 (ms),54.208,60.902,54.043,54.208,54.043,60.902,56.384,3.195,5.67
CognoDB Cloud,Concurrency 10 QPS,168.83,165.2,165.57,165.57,165.2,168.83,166.53,1.63,0.98
CognoDB Cloud,Concurrency 10 p50 (ms),47.373,48.235,47.531,47.531,47.373,48.235,47.713,0.375,0.79
CognoDB Cloud,Concurrency 10 p95 (ms),62.145,64.476,63.951,63.951,62.145,64.476,63.524,0.998,1.57
CognoDB Cloud,Concurrency 40 QPS,204.2,202.22,196.4,202.22,196.4,204.2,200.94,3.31,1.65
CognoDB Cloud,Concurrency 40 p50 (ms),89.38,95.46,95.792,95.46,89.38,95.792,93.544,2.948,3.15
CognoDB Cloud,Concurrency 40 p95 (ms),358.43,292.023,462.473,358.43,292.023,462.473,370.975,70.149,18.91
Memgraph,Ingest Nodes/sec,48435.28,31222.68,41663.51,41663.51,31222.68,48435.28,40440.49,7080.03,17.51
Memgraph,Ingest Rels/sec,84223.17,81896.88,81846.64,81896.88,81846.64,84223.17,82655.56,1108.66,1.34
Memgraph,Ingest Node Time (s),0.378,0.587,0.44,0.44,0.378,0.587,0.468,0.088,18.71
Memgraph,Ingest Rel Time (s),1.484,1.526,1.527,1.526,1.484,1.527,1.512,0.02,1.33
Memgraph,Ingest Wall Clock (s),2.219,2.639,2.463,2.463,2.219,2.639,2.44,0.172,7.06
Memgraph,1-Hop Cold Latency (ms),1.86,1.961,2.588,1.961,1.86,2.588,2.136,0.322,15.07
Memgraph,1-Hop p50 (ms),0.517,0.719,0.491,0.517,0.491,0.719,0.576,0.102,17.7
Memgraph,1-Hop p95 (ms),0.852,1.813,0.865,0.865,0.852,1.813,1.177,0.45,38.24
Memgraph,2-Hop Cold Latency (ms),1.632,1.144,1.745,1.632,1.144,1.745,1.507,0.261,17.31
Memgraph,2-Hop p50 (ms),0.513,0.67,0.479,0.513,0.479,0.67,0.554,0.083,15.02
Memgraph,2-Hop p95 (ms),1.09,1.693,0.771,1.09,0.771,1.693,1.185,0.382,32.27
Memgraph,3-Hop Cold Latency (ms),0.488,0.912,0.735,0.735,0.488,0.912,0.712,0.174,24.43
Memgraph,3-Hop p50 (ms),0.568,0.637,0.519,0.568,0.519,0.637,0.575,0.048,8.42
Memgraph,3-Hop p95 (ms),1.884,2.197,1.562,1.884,1.562,2.197,1.881,0.259,13.78
Memgraph,Point Lookup p50 (ms),0.482,0.603,0.474,0.482,0.474,0.603,0.52,0.059,11.36
Memgraph,Point Lookup p95 (ms),0.697,1.019,0.571,0.697,0.571,1.019,0.762,0.189,24.75
Memgraph,Indexed Lookup p50 (ms),1.212,1.933,1.152,1.212,1.152,1.933,1.432,0.355,24.78
Memgraph,Indexed Lookup p95 (ms),1.965,2.669,1.543,1.965,1.543,2.669,2.059,0.464,22.56
Memgraph,Count Agg p50 (ms),8.562,9.69,7.935,8.562,7.935,9.69,8.729,0.726,8.32
Memgraph,Count Agg p95 (ms),52.652,52.714,52.007,52.652,52.007,52.714,52.458,0.32,0.61
Memgraph,GroupBy Agg p50 (ms),3.105,4.084,3.008,3.105,3.008,4.084,3.399,0.486,14.3
Memgraph,GroupBy Agg p95 (ms),7.113,19.792,5.872,7.113,5.872,19.792,10.926,6.29,57.57
Memgraph,Concurrency 1 QPS,2021.8,1579.44,2016.61,2016.61,1579.44,2021.8,1872.62,207.32,11.07
Memgraph,Concurrency 1 p50 (ms),0.454,0.554,0.456,0.456,0.454,0.554,0.488,0.047,9.56
Memgraph,Concurrency 1 p95 (ms),0.556,0.811,0.559,0.559,0.556,0.811,0.642,0.12,18.61
Memgraph,Concurrency 10 QPS,2740.7,2743.88,3151.04,2743.88,2740.7,3151.04,2878.54,192.69,6.69
Memgraph,Concurrency 10 p50 (ms),2.767,2.727,2.411,2.727,2.411,2.767,2.635,0.159,6.04
Memgraph,Concurrency 10 p95 (ms),7.719,7.583,7.151,7.583,7.151,7.719,7.484,0.242,3.24
Memgraph,Concurrency 40 QPS,3131.83,2622.95,3371.09,3131.83,2622.95,3371.09,3041.96,311.97,10.26
Memgraph,Concurrency 40 p50 (ms),9.366,11.314,8.843,9.366,8.843,11.314,9.841,1.063,10.8
Memgraph,Concurrency 40 p95 (ms),33.075,37.52,31.679,33.075,31.679,37.52,34.091,2.491,7.31
FalkorDB,Ingest Nodes/sec,177100.66,140888.4,138893.28,140888.4,138893.28,177100.66,152294.11,17559.78,11.53
FalkorDB,Ingest Rels/sec,33483.08,32277.85,33775.12,33483.08,32277.85,33775.12,33178.68,648.05,1.95
FalkorDB,Ingest Node Time (s),0.103,0.13,0.132,0.13,0.103,0.132,0.122,0.013,10.87
FalkorDB,Ingest Rel Time (s),3.733,3.873,3.701,3.733,3.701,3.873,3.769,0.075,1.98
FalkorDB,Ingest Wall Clock (s),3.838,4.004,3.834,3.838,3.834,4.004,3.892,0.079,2.04
FalkorDB,1-Hop Cold Latency (ms),13.39,53.481,13.619,13.619,13.39,53.481,26.83,18.845,70.24
FalkorDB,1-Hop p50 (ms),0.485,0.532,0.536,0.532,0.485,0.536,0.518,0.023,4.47
FalkorDB,1-Hop p95 (ms),0.567,0.672,0.632,0.632,0.567,0.672,0.624,0.043,6.94
FalkorDB,2-Hop Cold Latency (ms),0.548,0.496,0.572,0.548,0.496,0.572,0.539,0.032,5.89
FalkorDB,2-Hop p50 (ms),0.545,0.588,0.499,0.545,0.499,0.588,0.544,0.036,6.68
FalkorDB,2-Hop p95 (ms),0.657,0.738,0.619,0.657,0.619,0.738,0.671,0.05,7.39
FalkorDB,3-Hop Cold Latency (ms),0.525,0.624,0.542,0.542,0.525,0.624,0.564,0.043,7.67
FalkorDB,3-Hop p50 (ms),0.527,0.551,0.526,0.527,0.526,0.551,0.535,0.012,2.16
FalkorDB,3-Hop p95 (ms),1.403,1.612,1.265,1.403,1.265,1.612,1.427,0.143,10.0
FalkorDB,Point Lookup p50 (ms),0.458,0.5,0.494,0.494,0.458,0.5,0.484,0.019,3.83
FalkorDB,Point Lookup p95 (ms),0.54,0.594,0.586,0.586,0.54,0.594,0.573,0.024,4.15
FalkorDB,Indexed Lookup p50 (ms),0.534,0.615,0.56,0.56,0.534,0.615,0.57,0.034,5.93
FalkorDB,Indexed Lookup p95 (ms),0.602,0.906,0.657,0.657,0.602,0.906,0.722,0.132,18.33
FalkorDB,Count Agg p50 (ms),0.681,0.815,0.752,0.752,0.681,0.815,0.749,0.055,7.3
FalkorDB,Count Agg p95 (ms),0.811,1.031,0.854,0.854,0.811,1.031,0.899,0.095,10.59
FalkorDB,GroupBy Agg p50 (ms),1.898,2.055,1.961,1.961,1.898,2.055,1.971,0.065,3.27
FalkorDB,GroupBy Agg p95 (ms),2.182,2.958,2.726,2.726,2.182,2.958,2.622,0.325,12.4
FalkorDB,Concurrency 1 QPS,2184.37,1570.79,2024.43,2024.43,1570.79,2184.37,1926.53,259.88,13.49
FalkorDB,Concurrency 1 p50 (ms),0.448,0.595,0.482,0.482,0.448,0.595,0.508,0.063,12.36
FalkorDB,Concurrency 1 p95 (ms),0.555,0.945,0.596,0.596,0.555,0.945,0.699,0.175,25.05
FalkorDB,Concurrency 10 QPS,1926.67,1705.1,2123.99,1926.67,1705.1,2123.99,1918.59,171.11,8.92
FalkorDB,Concurrency 10 p50 (ms),1.144,1.305,1.032,1.144,1.032,1.305,1.16,0.112,9.66
FalkorDB,Concurrency 10 p95 (ms),73.261,75.326,3.609,73.261,3.609,75.326,50.732,33.332,65.7
FalkorDB,Concurrency 40 QPS,1861.96,1606.0,1872.32,1861.96,1606.0,1872.32,1780.09,123.18,6.92
FalkorDB,Concurrency 40 p50 (ms),4.673,5.5,4.516,4.673,4.516,5.5,4.896,0.432,8.82
FalkorDB,Concurrency 40 p95 (ms),85.968,88.126,86.718,86.718,85.968,88.126,86.937,0.895,1.03
KùzuDB,Ingest Nodes/sec,3246.57,3197.03,4217.75,3246.57,3197.03,4217.75,3553.78,469.93,13.22
KùzuDB,Ingest Rels/sec,1644.04,1381.21,1820.03,1644.04,1381.21,1820.03,1615.09,180.31,11.16
KùzuDB,Ingest Node Time (s),5.642,5.729,4.343,5.642,4.343,5.729,5.238,0.634,12.1
KùzuDB,Ingest Rel Time (s),76.032,90.501,68.68,76.032,68.68,90.501,78.404,9.065,11.56
KùzuDB,Ingest Wall Clock (s),81.709,96.275,73.055,81.709,73.055,96.275,83.68,9.581,11.45
KùzuDB,1-Hop Cold Latency (ms),3.571,3.096,4.084,3.571,3.096,4.084,3.584,0.403,11.26
KùzuDB,1-Hop p50 (ms),2.085,1.522,1.435,1.522,1.435,2.085,1.681,0.288,17.14
KùzuDB,1-Hop p95 (ms),2.574,1.927,1.715,1.927,1.715,2.574,2.072,0.365,17.63
KùzuDB,2-Hop Cold Latency (ms),2.68,2.025,2.132,2.132,2.025,2.68,2.279,0.287,12.59
KùzuDB,2-Hop p50 (ms),2.331,2.012,1.885,2.012,1.885,2.331,2.076,0.188,9.04
KùzuDB,2-Hop p95 (ms),3.053,2.474,2.202,2.474,2.202,3.053,2.576,0.355,13.77
KùzuDB,3-Hop Cold Latency (ms),2.327,2.033,2.024,2.033,2.024,2.327,2.128,0.141,6.61
KùzuDB,3-Hop p50 (ms),2.248,2.12,1.939,2.12,1.939,2.248,2.102,0.127,6.03
KùzuDB,3-Hop p95 (ms),4.72,5.044,4.401,4.72,4.401,5.044,4.722,0.263,5.56
KùzuDB,Point Lookup p50 (ms),1.294,1.391,1.203,1.294,1.203,1.391,1.296,0.077,5.92
KùzuDB,Point Lookup p95 (ms),1.55,1.618,1.379,1.55,1.379,1.618,1.516,0.101,6.63
KùzuDB,Indexed Lookup p50 (ms),1.727,1.926,1.687,1.727,1.687,1.926,1.78,0.105,5.87
KùzuDB,Indexed Lookup p95 (ms),1.931,2.372,1.899,1.931,1.899,2.372,2.067,0.216,10.44
KùzuDB,Count Agg p50 (ms),2.802,2.646,2.456,2.646,2.456,2.802,2.635,0.141,5.37
KùzuDB,Count Agg p95 (ms),4.182,3.345,3.153,3.345,3.153,4.182,3.56,0.447,12.55
KùzuDB,GroupBy Agg p50 (ms),2.458,2.782,2.316,2.458,2.316,2.782,2.519,0.195,7.74
KùzuDB,GroupBy Agg p95 (ms),3.079,3.617,2.9,3.079,2.9,3.617,3.199,0.305,9.53
KùzuDB,Concurrency 1 QPS,374.94,339.25,435.84,374.94,339.25,435.84,383.34,39.88,10.4
KùzuDB,Concurrency 1 p50 (ms),1.684,2.024,1.441,1.684,1.441,2.024,1.716,0.239,13.93
KùzuDB,Concurrency 1 p95 (ms),7.047,7.614,6.343,7.047,6.343,7.614,7.001,0.52,7.43
KùzuDB,Concurrency 10 QPS,516.71,534.25,551.02,534.25,516.71,551.02,533.99,14.01,2.62
KùzuDB,Concurrency 10 p50 (ms),10.428,11.324,10.145,10.428,10.145,11.324,10.632,0.503,4.73
KùzuDB,Concurrency 10 p95 (ms),22.469,23.578,21.518,22.469,21.518,23.578,22.522,0.842,3.74
KùzuDB,Concurrency 40 QPS,445.84,406.11,571.42,445.84,406.11,571.42,474.46,70.46,14.85
KùzuDB,Concurrency 40 p50 (ms),9.514,10.914,8.993,9.514,8.993,10.914,9.807,0.811,8.27
KùzuDB,Concurrency 40 p95 (ms),21.72,23.077,19.437,21.72,19.437,23.077,21.411,1.502,7.01
Apache AGE,Ingest Nodes/sec,87554.14,93278.46,92830.21,92830.21,87554.14,93278.46,91220.94,2599.27,2.85
Apache AGE,Ingest Rels/sec,100528.71,96623.25,103345.2,100528.71,96623.25,103345.2,100165.72,2756.2,2.75
Apache AGE,Ingest Node Time (s),0.209,0.196,0.197,0.197,0.196,0.209,0.201,0.006,2.94
Apache AGE,Ingest Rel Time (s),1.243,1.294,1.21,1.243,1.21,1.294,1.249,0.035,2.77
Apache AGE,Ingest Wall Clock (s),1.495,1.534,1.44,1.495,1.44,1.534,1.49,0.039,2.59
Apache AGE,1-Hop Cold Latency (ms),6.062,6.806,6.152,6.152,6.062,6.806,6.34,0.332,5.23
Apache AGE,1-Hop p50 (ms),5.353,5.404,5.13,5.353,5.13,5.404,5.296,0.119,2.25
Apache AGE,1-Hop p95 (ms),51.146,53.298,50.981,51.146,50.981,53.298,51.808,1.056,2.04
Apache AGE,2-Hop Cold Latency (ms),7.548,8.12,47.462,8.12,7.548,47.462,21.043,18.682,88.78
Apache AGE,2-Hop p50 (ms),6.532,8.273,6.619,6.619,6.532,8.273,7.141,0.801,11.22
Apache AGE,2-Hop p95 (ms),54.746,55.63,54.868,54.868,54.746,55.63,55.081,0.391,0.71
Apache AGE,3-Hop Cold Latency (ms),296.729,572.861,301.042,301.042,296.729,572.861,390.211,129.165,33.1
Apache AGE,3-Hop p50 (ms),284.922,4.173,216.923,216.923,4.173,284.922,168.673,119.586,70.9
Apache AGE,3-Hop p95 (ms),392.698,53.466,384.582,384.582,53.466,392.698,276.915,158.037,57.07
Apache AGE,Point Lookup p50 (ms),2.448,1.998,1.744,1.998,1.744,2.448,2.063,0.291,14.11
Apache AGE,Point Lookup p95 (ms),3.14,3.762,2.077,3.14,2.077,3.762,2.993,0.696,23.24
Apache AGE,Indexed Lookup p50 (ms),2.883,2.889,2.326,2.883,2.326,2.889,2.699,0.264,9.78
Apache AGE,Indexed Lookup p95 (ms),5.759,8.677,3.099,5.759,3.099,8.677,5.845,2.278,38.97
Apache AGE,Count Agg p50 (ms),201.295,200.294,200.425,200.425,200.294,201.295,200.671,0.444,0.22
Apache AGE,Count Agg p95 (ms),679.177,285.186,286.994,286.994,285.186,679.177,417.119,185.304,44.42
Apache AGE,GroupBy Agg p50 (ms),8.049,8.064,7.576,8.049,7.576,8.064,7.896,0.227,2.87
Apache AGE,GroupBy Agg p95 (ms),55.677,55.98,55.515,55.677,55.515,55.98,55.724,0.193,0.35
Apache AGE,Concurrency 1 QPS,262.51,215.75,264.95,262.51,215.75,264.95,247.74,22.64,9.14
Apache AGE,Concurrency 1 p50 (ms),2.028,2.544,1.912,2.028,1.912,2.544,2.161,0.275,12.71
Apache AGE,Concurrency 1 p95 (ms),6.987,8.09,6.316,6.987,6.316,8.09,7.131,0.731,10.26
Apache AGE,Concurrency 10 QPS,244.94,230.23,267.21,244.94,230.23,267.21,247.46,15.2,6.14
Apache AGE,Concurrency 10 p50 (ms),29.176,34.953,5.406,29.176,5.406,34.953,23.178,12.786,55.17
Apache AGE,Concurrency 10 p95 (ms),117.673,94.127,154.362,117.673,94.127,154.362,122.054,24.785,20.31
Apache AGE,Concurrency 40 QPS,260.72,234.61,248.95,248.95,234.61,260.72,248.09,10.68,4.3
Apache AGE,Concurrency 40 p50 (ms),21.968,162.265,139.908,139.908,21.968,162.265,108.047,61.548,56.96
Apache AGE,Concurrency 40 p95 (ms),589.198,464.373,501.548,501.548,464.373,589.198,518.373,52.33,10.1
